<?xml version="1.0" encoding="UTF-8"?>
<!-- Product Version: Vivado v2022.2 (64-bit)                     -->
<!--                                                              -->
<!-- Copyright 1986-2022 Xilinx, Inc. All Rights Reserved.        -->

<hwsession version="1" minor="2">
  <device name="xc7a35t_0" gui_info="dashboard1=hw_ila_1[xc7a35t_0/hw_ila_1/Settings=ILA_SETTINGS_1;xc7a35t_0/hw_ila_1/Status=ILA_STATUS_1;xc7a35t_0/hw_ila_1/Trigger Setup=ILA_TRIGGER_1;xc7a35t_0/hw_ila_1/Waveform=ILA_WAVE_1;xc7a35t_0/hw_ila_1/Capture Setup=ILA_CAPTURE_1;],dashboard2=hw_vios[xc7a35t_0/hw_vio_1=VIO_PROBES_1;]"/>
  <ObjectList object_type="hw_device" gui_info="">
    <Object name="xc7a35t_0" gui_info="">
      <Properties Property="FULL_PROBES.FILE" value="$_project_name_.runs/impl_1/design_1_wrapper.ltx"/>
      <Properties Property="PROBES.FILE" value="$_project_name_.runs/impl_1/design_1_wrapper.ltx"/>
      <Properties Property="PROGRAM.HW_BITSTREAM" value="$_project_name_.runs/impl_1/design_1_wrapper.bit"/>
      <Properties Property="SLR.COUNT" value="1"/>
    </Object>
  </ObjectList>
  <ObjectList object_type="hw_ila" gui_info="">
    <Object name="design_1_i/ila_0" gui_info="">
      <Properties Property="CONTROL.TRIGGER_CONDITION" value="AND"/>
      <Properties Property="CORE_REFRESH_RATE_MS" value="500"/>
    </Object>
  </ObjectList>
  <ObjectList object_type="hw_probe" gui_info="">
    <Object name="design_1_i/vio_0_probe_out0[15:0]" gui_info="hw_vios/hw_vio_1=0"/>
    <Object name="design_1_i/vio_0_probe_out10[15:0]" gui_info="hw_vios/hw_vio_1=10"/>
    <Object name="design_1_i/vio_0_probe_out11[15:0]" gui_info="hw_vios/hw_vio_1=11"/>
    <Object name="design_1_i/vio_0_probe_out12[15:0]" gui_info="hw_vios/hw_vio_1=12"/>
    <Object name="design_1_i/vio_0_probe_out13[15:0]" gui_info="hw_vios/hw_vio_1=13"/>
    <Object name="design_1_i/vio_0_probe_out14[15:0]" gui_info="hw_vios/hw_vio_1=14"/>
    <Object name="design_1_i/vio_0_probe_out15[15:0]" gui_info="hw_vios/hw_vio_1=15"/>
    <Object name="design_1_i/vio_0_probe_out1[15:0]" gui_info="hw_vios/hw_vio_1=1"/>
    <Object name="design_1_i/vio_0_probe_out2[15:0]" gui_info="hw_vios/hw_vio_1=2"/>
    <Object name="design_1_i/vio_0_probe_out3[15:0]" gui_info="hw_vios/hw_vio_1=3"/>
    <Object name="design_1_i/vio_0_probe_out4[15:0]" gui_info="hw_vios/hw_vio_1=4"/>
    <Object name="design_1_i/vio_0_probe_out5[15:0]" gui_info="hw_vios/hw_vio_1=5"/>
    <Object name="design_1_i/vio_0_probe_out6[15:0]" gui_info="hw_vios/hw_vio_1=6"/>
    <Object name="design_1_i/vio_0_probe_out7[15:0]" gui_info="hw_vios/hw_vio_1=7"/>
    <Object name="design_1_i/vio_0_probe_out8[15:0]" gui_info="hw_vios/hw_vio_1=8"/>
    <Object name="design_1_i/vio_0_probe_out9[15:0]" gui_info="hw_vios/hw_vio_1=9"/>
  </ObjectList>
  <ObjectList object_type="hw_vio" gui_info="">
    <Object name="hw_vio_1" gui_info="hw_vios/hw_vio_1/TablePreference=5	742	Name	0	2147483647	15	356	356	Value	1	2147483647	15	136	136	Activity	2	2147483647	15	71	71	Direction	3	2147483647	15	84	84	VIO	4	2147483647	15	95	95			1	6	1	Name	Value	Activity	Direction	VIO"/>
  </ObjectList>
  <probeset name="hw project" active="false">
    <probe type="ila" busType="bus" source="netlist" spec="ILA_V2_RT">
      <probeOptions Id="DebugProbeParams">
        <Option Id="CAPTURE_COMPARE_VALUE" value="eq129&apos;hX_XXXX_XXXX_XXXX_XXXX_XXXX_XXXX_XXXX_XXXX"/>
        <Option Id="COMPARE_VALUE.0" value="eq129&apos;hX_XXXX_XXXX_XXXX_XXXX_XXXX_XXXX_XXXX_XXXX"/>
        <Option Id="DISPLAY_AS_ENUM" value="1"/>
        <Option Id="DISPLAY_HINT" value=""/>
        <Option Id="DISPLAY_RADIX" value="HEX"/>
        <Option Id="DISPLAY_VISIBILITY" value=""/>
        <Option Id="HW_ILA" value="hw_ila_1"/>
        <Option Id="LINK_TO_WAVEFORM" value="1"/>
        <Option Id="MAP" value="probe0[128:0]"/>
        <Option Id="NAME.CUSTOM" value=""/>
        <Option Id="NAME.SELECT" value="Long"/>
        <Option Id="SOURCE" value="netlist"/>
        <Option Id="TRIGGER_COMPARE_VALUE" value="eq129&apos;hX_XXXX_XXXX_XXXX_XXXX_XXXX_XXXX_XXXX_XXXX"/>
        <Option Id="WAVEFORM_STYLE" value="Digital"/>
      </probeOptions>
      <nets>
        <net name="design_1_i/main_cordic_fft_0_xout_1[128]"/>
        <net name="design_1_i/main_cordic_fft_0_xout_1[127]"/>
        <net name="design_1_i/main_cordic_fft_0_xout_1[126]"/>
        <net name="design_1_i/main_cordic_fft_0_xout_1[125]"/>
        <net name="design_1_i/main_cordic_fft_0_xout_1[124]"/>
        <net name="design_1_i/main_cordic_fft_0_xout_1[123]"/>
        <net name="design_1_i/main_cordic_fft_0_xout_1[122]"/>
        <net name="design_1_i/main_cordic_fft_0_xout_1[121]"/>
        <net name="design_1_i/main_cordic_fft_0_xout_1[120]"/>
        <net name="design_1_i/main_cordic_fft_0_xout_1[119]"/>
        <net name="design_1_i/main_cordic_fft_0_xout_1[118]"/>
        <net name="design_1_i/main_cordic_fft_0_xout_1[117]"/>
        <net name="design_1_i/main_cordic_fft_0_xout_1[116]"/>
        <net name="design_1_i/main_cordic_fft_0_xout_1[115]"/>
        <net name="design_1_i/main_cordic_fft_0_xout_1[114]"/>
        <net name="design_1_i/main_cordic_fft_0_xout_1[113]"/>
        <net name="design_1_i/main_cordic_fft_0_xout_1[112]"/>
        <net name="design_1_i/main_cordic_fft_0_xout_1[111]"/>
        <net name="design_1_i/main_cordic_fft_0_xout_1[110]"/>
        <net name="design_1_i/main_cordic_fft_0_xout_1[109]"/>
        <net name="design_1_i/main_cordic_fft_0_xout_1[108]"/>
        <net name="design_1_i/main_cordic_fft_0_xout_1[107]"/>
        <net name="design_1_i/main_cordic_fft_0_xout_1[106]"/>
        <net name="design_1_i/main_cordic_fft_0_xout_1[105]"/>
        <net name="design_1_i/main_cordic_fft_0_xout_1[104]"/>
        <net name="design_1_i/main_cordic_fft_0_xout_1[103]"/>
        <net name="design_1_i/main_cordic_fft_0_xout_1[102]"/>
        <net name="design_1_i/main_cordic_fft_0_xout_1[101]"/>
        <net name="design_1_i/main_cordic_fft_0_xout_1[100]"/>
        <net name="design_1_i/main_cordic_fft_0_xout_1[99]"/>
        <net name="design_1_i/main_cordic_fft_0_xout_1[98]"/>
        <net name="design_1_i/main_cordic_fft_0_xout_1[97]"/>
        <net name="design_1_i/main_cordic_fft_0_xout_1[96]"/>
        <net name="design_1_i/main_cordic_fft_0_xout_1[95]"/>
        <net name="design_1_i/main_cordic_fft_0_xout_1[94]"/>
        <net name="design_1_i/main_cordic_fft_0_xout_1[93]"/>
        <net name="design_1_i/main_cordic_fft_0_xout_1[92]"/>
        <net name="design_1_i/main_cordic_fft_0_xout_1[91]"/>
        <net name="design_1_i/main_cordic_fft_0_xout_1[90]"/>
        <net name="design_1_i/main_cordic_fft_0_xout_1[89]"/>
        <net name="design_1_i/main_cordic_fft_0_xout_1[88]"/>
        <net name="design_1_i/main_cordic_fft_0_xout_1[87]"/>
        <net name="design_1_i/main_cordic_fft_0_xout_1[86]"/>
        <net name="design_1_i/main_cordic_fft_0_xout_1[85]"/>
        <net name="design_1_i/main_cordic_fft_0_xout_1[84]"/>
        <net name="design_1_i/main_cordic_fft_0_xout_1[83]"/>
        <net name="design_1_i/main_cordic_fft_0_xout_1[82]"/>
        <net name="design_1_i/main_cordic_fft_0_xout_1[81]"/>
        <net name="design_1_i/main_cordic_fft_0_xout_1[80]"/>
        <net name="design_1_i/main_cordic_fft_0_xout_1[79]"/>
        <net name="design_1_i/main_cordic_fft_0_xout_1[78]"/>
        <net name="design_1_i/main_cordic_fft_0_xout_1[77]"/>
        <net name="design_1_i/main_cordic_fft_0_xout_1[76]"/>
        <net name="design_1_i/main_cordic_fft_0_xout_1[75]"/>
        <net name="design_1_i/main_cordic_fft_0_xout_1[74]"/>
        <net name="design_1_i/main_cordic_fft_0_xout_1[73]"/>
        <net name="design_1_i/main_cordic_fft_0_xout_1[72]"/>
        <net name="design_1_i/main_cordic_fft_0_xout_1[71]"/>
        <net name="design_1_i/main_cordic_fft_0_xout_1[70]"/>
        <net name="design_1_i/main_cordic_fft_0_xout_1[69]"/>
        <net name="design_1_i/main_cordic_fft_0_xout_1[68]"/>
        <net name="design_1_i/main_cordic_fft_0_xout_1[67]"/>
        <net name="design_1_i/main_cordic_fft_0_xout_1[66]"/>
        <net name="design_1_i/main_cordic_fft_0_xout_1[65]"/>
        <net name="design_1_i/main_cordic_fft_0_xout_1[64]"/>
        <net name="design_1_i/main_cordic_fft_0_xout_1[63]"/>
        <net name="design_1_i/main_cordic_fft_0_xout_1[62]"/>
        <net name="design_1_i/main_cordic_fft_0_xout_1[61]"/>
        <net name="design_1_i/main_cordic_fft_0_xout_1[60]"/>
        <net name="design_1_i/main_cordic_fft_0_xout_1[59]"/>
        <net name="design_1_i/main_cordic_fft_0_xout_1[58]"/>
        <net name="design_1_i/main_cordic_fft_0_xout_1[57]"/>
        <net name="design_1_i/main_cordic_fft_0_xout_1[56]"/>
        <net name="design_1_i/main_cordic_fft_0_xout_1[55]"/>
        <net name="design_1_i/main_cordic_fft_0_xout_1[54]"/>
        <net name="design_1_i/main_cordic_fft_0_xout_1[53]"/>
        <net name="design_1_i/main_cordic_fft_0_xout_1[52]"/>
        <net name="design_1_i/main_cordic_fft_0_xout_1[51]"/>
        <net name="design_1_i/main_cordic_fft_0_xout_1[50]"/>
        <net name="design_1_i/main_cordic_fft_0_xout_1[49]"/>
        <net name="design_1_i/main_cordic_fft_0_xout_1[48]"/>
        <net name="design_1_i/main_cordic_fft_0_xout_1[47]"/>
        <net name="design_1_i/main_cordic_fft_0_xout_1[46]"/>
        <net name="design_1_i/main_cordic_fft_0_xout_1[45]"/>
        <net name="design_1_i/main_cordic_fft_0_xout_1[44]"/>
        <net name="design_1_i/main_cordic_fft_0_xout_1[43]"/>
        <net name="design_1_i/main_cordic_fft_0_xout_1[42]"/>
        <net name="design_1_i/main_cordic_fft_0_xout_1[41]"/>
        <net name="design_1_i/main_cordic_fft_0_xout_1[40]"/>
        <net name="design_1_i/main_cordic_fft_0_xout_1[39]"/>
        <net name="design_1_i/main_cordic_fft_0_xout_1[38]"/>
        <net name="design_1_i/main_cordic_fft_0_xout_1[37]"/>
        <net name="design_1_i/main_cordic_fft_0_xout_1[36]"/>
        <net name="design_1_i/main_cordic_fft_0_xout_1[35]"/>
        <net name="design_1_i/main_cordic_fft_0_xout_1[34]"/>
        <net name="design_1_i/main_cordic_fft_0_xout_1[33]"/>
        <net name="design_1_i/main_cordic_fft_0_xout_1[32]"/>
        <net name="design_1_i/main_cordic_fft_0_xout_1[31]"/>
        <net name="design_1_i/main_cordic_fft_0_xout_1[30]"/>
        <net name="design_1_i/main_cordic_fft_0_xout_1[29]"/>
        <net name="design_1_i/main_cordic_fft_0_xout_1[28]"/>
        <net name="design_1_i/main_cordic_fft_0_xout_1[27]"/>
        <net name="design_1_i/main_cordic_fft_0_xout_1[26]"/>
        <net name="design_1_i/main_cordic_fft_0_xout_1[25]"/>
        <net name="design_1_i/main_cordic_fft_0_xout_1[24]"/>
        <net name="design_1_i/main_cordic_fft_0_xout_1[23]"/>
        <net name="design_1_i/main_cordic_fft_0_xout_1[22]"/>
        <net name="design_1_i/main_cordic_fft_0_xout_1[21]"/>
        <net name="design_1_i/main_cordic_fft_0_xout_1[20]"/>
        <net name="design_1_i/main_cordic_fft_0_xout_1[19]"/>
        <net name="design_1_i/main_cordic_fft_0_xout_1[18]"/>
        <net name="design_1_i/main_cordic_fft_0_xout_1[17]"/>
        <net name="design_1_i/main_cordic_fft_0_xout_1[16]"/>
        <net name="design_1_i/main_cordic_fft_0_xout_1[15]"/>
        <net name="design_1_i/main_cordic_fft_0_xout_1[14]"/>
        <net name="design_1_i/main_cordic_fft_0_xout_1[13]"/>
        <net name="design_1_i/main_cordic_fft_0_xout_1[12]"/>
        <net name="design_1_i/main_cordic_fft_0_xout_1[11]"/>
        <net name="design_1_i/main_cordic_fft_0_xout_1[10]"/>
        <net name="design_1_i/main_cordic_fft_0_xout_1[9]"/>
        <net name="design_1_i/main_cordic_fft_0_xout_1[8]"/>
        <net name="design_1_i/main_cordic_fft_0_xout_1[7]"/>
        <net name="design_1_i/main_cordic_fft_0_xout_1[6]"/>
        <net name="design_1_i/main_cordic_fft_0_xout_1[5]"/>
        <net name="design_1_i/main_cordic_fft_0_xout_1[4]"/>
        <net name="design_1_i/main_cordic_fft_0_xout_1[3]"/>
        <net name="design_1_i/main_cordic_fft_0_xout_1[2]"/>
        <net name="design_1_i/main_cordic_fft_0_xout_1[1]"/>
        <net name="design_1_i/main_cordic_fft_0_xout_1[0]"/>
      </nets>
    </probe>
    <probe type="ila" busType="bus" source="netlist" spec="ILA_V2_RT">
      <probeOptions Id="DebugProbeParams">
        <Option Id="CAPTURE_COMPARE_VALUE" value="eq129&apos;hX_XXXX_XXXX_XXXX_XXXX_XXXX_XXXX_XXXX_XXXX"/>
        <Option Id="COMPARE_VALUE.0" value="eq129&apos;hX_XXXX_XXXX_XXXX_XXXX_XXXX_XXXX_XXXX_XXXX"/>
        <Option Id="DISPLAY_AS_ENUM" value="1"/>
        <Option Id="DISPLAY_HINT" value=""/>
        <Option Id="DISPLAY_RADIX" value="HEX"/>
        <Option Id="DISPLAY_VISIBILITY" value=""/>
        <Option Id="HW_ILA" value="hw_ila_1"/>
        <Option Id="LINK_TO_WAVEFORM" value="1"/>
        <Option Id="MAP" value="probe1[128:0]"/>
        <Option Id="NAME.CUSTOM" value=""/>
        <Option Id="NAME.SELECT" value="Long"/>
        <Option Id="SOURCE" value="netlist"/>
        <Option Id="TRIGGER_COMPARE_VALUE" value="eq129&apos;hX_XXXX_XXXX_XXXX_XXXX_XXXX_XXXX_XXXX_XXXX"/>
        <Option Id="WAVEFORM_STYLE" value="Digital"/>
      </probeOptions>
      <nets>
        <net name="design_1_i/main_cordic_fft_0_yout_1[128]"/>
        <net name="design_1_i/main_cordic_fft_0_yout_1[127]"/>
        <net name="design_1_i/main_cordic_fft_0_yout_1[126]"/>
        <net name="design_1_i/main_cordic_fft_0_yout_1[125]"/>
        <net name="design_1_i/main_cordic_fft_0_yout_1[124]"/>
        <net name="design_1_i/main_cordic_fft_0_yout_1[123]"/>
        <net name="design_1_i/main_cordic_fft_0_yout_1[122]"/>
        <net name="design_1_i/main_cordic_fft_0_yout_1[121]"/>
        <net name="design_1_i/main_cordic_fft_0_yout_1[120]"/>
        <net name="design_1_i/main_cordic_fft_0_yout_1[119]"/>
        <net name="design_1_i/main_cordic_fft_0_yout_1[118]"/>
        <net name="design_1_i/main_cordic_fft_0_yout_1[117]"/>
        <net name="design_1_i/main_cordic_fft_0_yout_1[116]"/>
        <net name="design_1_i/main_cordic_fft_0_yout_1[115]"/>
        <net name="design_1_i/main_cordic_fft_0_yout_1[114]"/>
        <net name="design_1_i/main_cordic_fft_0_yout_1[113]"/>
        <net name="design_1_i/main_cordic_fft_0_yout_1[112]"/>
        <net name="design_1_i/main_cordic_fft_0_yout_1[111]"/>
        <net name="design_1_i/main_cordic_fft_0_yout_1[110]"/>
        <net name="design_1_i/main_cordic_fft_0_yout_1[109]"/>
        <net name="design_1_i/main_cordic_fft_0_yout_1[108]"/>
        <net name="design_1_i/main_cordic_fft_0_yout_1[107]"/>
        <net name="design_1_i/main_cordic_fft_0_yout_1[106]"/>
        <net name="design_1_i/main_cordic_fft_0_yout_1[105]"/>
        <net name="design_1_i/main_cordic_fft_0_yout_1[104]"/>
        <net name="design_1_i/main_cordic_fft_0_yout_1[103]"/>
        <net name="design_1_i/main_cordic_fft_0_yout_1[102]"/>
        <net name="design_1_i/main_cordic_fft_0_yout_1[101]"/>
        <net name="design_1_i/main_cordic_fft_0_yout_1[100]"/>
        <net name="design_1_i/main_cordic_fft_0_yout_1[99]"/>
        <net name="design_1_i/main_cordic_fft_0_yout_1[98]"/>
        <net name="design_1_i/main_cordic_fft_0_yout_1[97]"/>
        <net name="design_1_i/main_cordic_fft_0_yout_1[96]"/>
        <net name="design_1_i/main_cordic_fft_0_yout_1[95]"/>
        <net name="design_1_i/main_cordic_fft_0_yout_1[94]"/>
        <net name="design_1_i/main_cordic_fft_0_yout_1[93]"/>
        <net name="design_1_i/main_cordic_fft_0_yout_1[92]"/>
        <net name="design_1_i/main_cordic_fft_0_yout_1[91]"/>
        <net name="design_1_i/main_cordic_fft_0_yout_1[90]"/>
        <net name="design_1_i/main_cordic_fft_0_yout_1[89]"/>
        <net name="design_1_i/main_cordic_fft_0_yout_1[88]"/>
        <net name="design_1_i/main_cordic_fft_0_yout_1[87]"/>
        <net name="design_1_i/main_cordic_fft_0_yout_1[86]"/>
        <net name="design_1_i/main_cordic_fft_0_yout_1[85]"/>
        <net name="design_1_i/main_cordic_fft_0_yout_1[84]"/>
        <net name="design_1_i/main_cordic_fft_0_yout_1[83]"/>
        <net name="design_1_i/main_cordic_fft_0_yout_1[82]"/>
        <net name="design_1_i/main_cordic_fft_0_yout_1[81]"/>
        <net name="design_1_i/main_cordic_fft_0_yout_1[80]"/>
        <net name="design_1_i/main_cordic_fft_0_yout_1[79]"/>
        <net name="design_1_i/main_cordic_fft_0_yout_1[78]"/>
        <net name="design_1_i/main_cordic_fft_0_yout_1[77]"/>
        <net name="design_1_i/main_cordic_fft_0_yout_1[76]"/>
        <net name="design_1_i/main_cordic_fft_0_yout_1[75]"/>
        <net name="design_1_i/main_cordic_fft_0_yout_1[74]"/>
        <net name="design_1_i/main_cordic_fft_0_yout_1[73]"/>
        <net name="design_1_i/main_cordic_fft_0_yout_1[72]"/>
        <net name="design_1_i/main_cordic_fft_0_yout_1[71]"/>
        <net name="design_1_i/main_cordic_fft_0_yout_1[70]"/>
        <net name="design_1_i/main_cordic_fft_0_yout_1[69]"/>
        <net name="design_1_i/main_cordic_fft_0_yout_1[68]"/>
        <net name="design_1_i/main_cordic_fft_0_yout_1[67]"/>
        <net name="design_1_i/main_cordic_fft_0_yout_1[66]"/>
        <net name="design_1_i/main_cordic_fft_0_yout_1[65]"/>
        <net name="design_1_i/main_cordic_fft_0_yout_1[64]"/>
        <net name="design_1_i/main_cordic_fft_0_yout_1[63]"/>
        <net name="design_1_i/main_cordic_fft_0_yout_1[62]"/>
        <net name="design_1_i/main_cordic_fft_0_yout_1[61]"/>
        <net name="design_1_i/main_cordic_fft_0_yout_1[60]"/>
        <net name="design_1_i/main_cordic_fft_0_yout_1[59]"/>
        <net name="design_1_i/main_cordic_fft_0_yout_1[58]"/>
        <net name="design_1_i/main_cordic_fft_0_yout_1[57]"/>
        <net name="design_1_i/main_cordic_fft_0_yout_1[56]"/>
        <net name="design_1_i/main_cordic_fft_0_yout_1[55]"/>
        <net name="design_1_i/main_cordic_fft_0_yout_1[54]"/>
        <net name="design_1_i/main_cordic_fft_0_yout_1[53]"/>
        <net name="design_1_i/main_cordic_fft_0_yout_1[52]"/>
        <net name="design_1_i/main_cordic_fft_0_yout_1[51]"/>
        <net name="design_1_i/main_cordic_fft_0_yout_1[50]"/>
        <net name="design_1_i/main_cordic_fft_0_yout_1[49]"/>
        <net name="design_1_i/main_cordic_fft_0_yout_1[48]"/>
        <net name="design_1_i/main_cordic_fft_0_yout_1[47]"/>
        <net name="design_1_i/main_cordic_fft_0_yout_1[46]"/>
        <net name="design_1_i/main_cordic_fft_0_yout_1[45]"/>
        <net name="design_1_i/main_cordic_fft_0_yout_1[44]"/>
        <net name="design_1_i/main_cordic_fft_0_yout_1[43]"/>
        <net name="design_1_i/main_cordic_fft_0_yout_1[42]"/>
        <net name="design_1_i/main_cordic_fft_0_yout_1[41]"/>
        <net name="design_1_i/main_cordic_fft_0_yout_1[40]"/>
        <net name="design_1_i/main_cordic_fft_0_yout_1[39]"/>
        <net name="design_1_i/main_cordic_fft_0_yout_1[38]"/>
        <net name="design_1_i/main_cordic_fft_0_yout_1[37]"/>
        <net name="design_1_i/main_cordic_fft_0_yout_1[36]"/>
        <net name="design_1_i/main_cordic_fft_0_yout_1[35]"/>
        <net name="design_1_i/main_cordic_fft_0_yout_1[34]"/>
        <net name="design_1_i/main_cordic_fft_0_yout_1[33]"/>
        <net name="design_1_i/main_cordic_fft_0_yout_1[32]"/>
        <net name="design_1_i/main_cordic_fft_0_yout_1[31]"/>
        <net name="design_1_i/main_cordic_fft_0_yout_1[30]"/>
        <net name="design_1_i/main_cordic_fft_0_yout_1[29]"/>
        <net name="design_1_i/main_cordic_fft_0_yout_1[28]"/>
        <net name="design_1_i/main_cordic_fft_0_yout_1[27]"/>
        <net name="design_1_i/main_cordic_fft_0_yout_1[26]"/>
        <net name="design_1_i/main_cordic_fft_0_yout_1[25]"/>
        <net name="design_1_i/main_cordic_fft_0_yout_1[24]"/>
        <net name="design_1_i/main_cordic_fft_0_yout_1[23]"/>
        <net name="design_1_i/main_cordic_fft_0_yout_1[22]"/>
        <net name="design_1_i/main_cordic_fft_0_yout_1[21]"/>
        <net name="design_1_i/main_cordic_fft_0_yout_1[20]"/>
        <net name="design_1_i/main_cordic_fft_0_yout_1[19]"/>
        <net name="design_1_i/main_cordic_fft_0_yout_1[18]"/>
        <net name="design_1_i/main_cordic_fft_0_yout_1[17]"/>
        <net name="design_1_i/main_cordic_fft_0_yout_1[16]"/>
        <net name="design_1_i/main_cordic_fft_0_yout_1[15]"/>
        <net name="design_1_i/main_cordic_fft_0_yout_1[14]"/>
        <net name="design_1_i/main_cordic_fft_0_yout_1[13]"/>
        <net name="design_1_i/main_cordic_fft_0_yout_1[12]"/>
        <net name="design_1_i/main_cordic_fft_0_yout_1[11]"/>
        <net name="design_1_i/main_cordic_fft_0_yout_1[10]"/>
        <net name="design_1_i/main_cordic_fft_0_yout_1[9]"/>
        <net name="design_1_i/main_cordic_fft_0_yout_1[8]"/>
        <net name="design_1_i/main_cordic_fft_0_yout_1[7]"/>
        <net name="design_1_i/main_cordic_fft_0_yout_1[6]"/>
        <net name="design_1_i/main_cordic_fft_0_yout_1[5]"/>
        <net name="design_1_i/main_cordic_fft_0_yout_1[4]"/>
        <net name="design_1_i/main_cordic_fft_0_yout_1[3]"/>
        <net name="design_1_i/main_cordic_fft_0_yout_1[2]"/>
        <net name="design_1_i/main_cordic_fft_0_yout_1[1]"/>
        <net name="design_1_i/main_cordic_fft_0_yout_1[0]"/>
      </nets>
    </probe>
    <probe type="vio_input" busType="bus" source="netlist" spec="VIO_INPUT_V2_RT">
      <probeOptions Id="DebugProbeParams">
        <Option Id="ACTIVITY_PERSISTENCE" value="SHORT"/>
        <Option Id="DISPLAY_HINT" value=""/>
        <Option Id="DISPLAY_VISIBILITY" value=""/>
        <Option Id="HW_VIO" value="hw_vio_1"/>
        <Option Id="INPUT_VALUE_RADIX" value="HEX"/>
        <Option Id="NAME.CUSTOM" value=""/>
        <Option Id="NAME.SELECT" value="Long"/>
        <Option Id="SOURCE" value="netlist"/>
      </probeOptions>
      <nets>
        <net name="design_1_i/main_cordic_fft_0_xout[128]"/>
        <net name="design_1_i/main_cordic_fft_0_xout[127]"/>
        <net name="design_1_i/main_cordic_fft_0_xout[126]"/>
        <net name="design_1_i/main_cordic_fft_0_xout[125]"/>
        <net name="design_1_i/main_cordic_fft_0_xout[124]"/>
        <net name="design_1_i/main_cordic_fft_0_xout[123]"/>
        <net name="design_1_i/main_cordic_fft_0_xout[122]"/>
        <net name="design_1_i/main_cordic_fft_0_xout[121]"/>
        <net name="design_1_i/main_cordic_fft_0_xout[120]"/>
        <net name="design_1_i/main_cordic_fft_0_xout[119]"/>
        <net name="design_1_i/main_cordic_fft_0_xout[118]"/>
        <net name="design_1_i/main_cordic_fft_0_xout[117]"/>
        <net name="design_1_i/main_cordic_fft_0_xout[116]"/>
        <net name="design_1_i/main_cordic_fft_0_xout[115]"/>
        <net name="design_1_i/main_cordic_fft_0_xout[114]"/>
        <net name="design_1_i/main_cordic_fft_0_xout[113]"/>
        <net name="design_1_i/main_cordic_fft_0_xout[112]"/>
        <net name="design_1_i/main_cordic_fft_0_xout[111]"/>
        <net name="design_1_i/main_cordic_fft_0_xout[110]"/>
        <net name="design_1_i/main_cordic_fft_0_xout[109]"/>
        <net name="design_1_i/main_cordic_fft_0_xout[108]"/>
        <net name="design_1_i/main_cordic_fft_0_xout[107]"/>
        <net name="design_1_i/main_cordic_fft_0_xout[106]"/>
        <net name="design_1_i/main_cordic_fft_0_xout[105]"/>
        <net name="design_1_i/main_cordic_fft_0_xout[104]"/>
        <net name="design_1_i/main_cordic_fft_0_xout[103]"/>
        <net name="design_1_i/main_cordic_fft_0_xout[102]"/>
        <net name="design_1_i/main_cordic_fft_0_xout[101]"/>
        <net name="design_1_i/main_cordic_fft_0_xout[100]"/>
        <net name="design_1_i/main_cordic_fft_0_xout[99]"/>
        <net name="design_1_i/main_cordic_fft_0_xout[98]"/>
        <net name="design_1_i/main_cordic_fft_0_xout[97]"/>
        <net name="design_1_i/main_cordic_fft_0_xout[96]"/>
        <net name="design_1_i/main_cordic_fft_0_xout[95]"/>
        <net name="design_1_i/main_cordic_fft_0_xout[94]"/>
        <net name="design_1_i/main_cordic_fft_0_xout[93]"/>
        <net name="design_1_i/main_cordic_fft_0_xout[92]"/>
        <net name="design_1_i/main_cordic_fft_0_xout[91]"/>
        <net name="design_1_i/main_cordic_fft_0_xout[90]"/>
        <net name="design_1_i/main_cordic_fft_0_xout[89]"/>
        <net name="design_1_i/main_cordic_fft_0_xout[88]"/>
        <net name="design_1_i/main_cordic_fft_0_xout[87]"/>
        <net name="design_1_i/main_cordic_fft_0_xout[86]"/>
        <net name="design_1_i/main_cordic_fft_0_xout[85]"/>
        <net name="design_1_i/main_cordic_fft_0_xout[84]"/>
        <net name="design_1_i/main_cordic_fft_0_xout[83]"/>
        <net name="design_1_i/main_cordic_fft_0_xout[82]"/>
        <net name="design_1_i/main_cordic_fft_0_xout[81]"/>
        <net name="design_1_i/main_cordic_fft_0_xout[80]"/>
        <net name="design_1_i/main_cordic_fft_0_xout[79]"/>
        <net name="design_1_i/main_cordic_fft_0_xout[78]"/>
        <net name="design_1_i/main_cordic_fft_0_xout[77]"/>
        <net name="design_1_i/main_cordic_fft_0_xout[76]"/>
        <net name="design_1_i/main_cordic_fft_0_xout[75]"/>
        <net name="design_1_i/main_cordic_fft_0_xout[74]"/>
        <net name="design_1_i/main_cordic_fft_0_xout[73]"/>
        <net name="design_1_i/main_cordic_fft_0_xout[72]"/>
        <net name="design_1_i/main_cordic_fft_0_xout[71]"/>
        <net name="design_1_i/main_cordic_fft_0_xout[70]"/>
        <net name="design_1_i/main_cordic_fft_0_xout[69]"/>
        <net name="design_1_i/main_cordic_fft_0_xout[68]"/>
        <net name="design_1_i/main_cordic_fft_0_xout[67]"/>
        <net name="design_1_i/main_cordic_fft_0_xout[66]"/>
        <net name="design_1_i/main_cordic_fft_0_xout[65]"/>
        <net name="design_1_i/main_cordic_fft_0_xout[64]"/>
        <net name="design_1_i/main_cordic_fft_0_xout[63]"/>
        <net name="design_1_i/main_cordic_fft_0_xout[62]"/>
        <net name="design_1_i/main_cordic_fft_0_xout[61]"/>
        <net name="design_1_i/main_cordic_fft_0_xout[60]"/>
        <net name="design_1_i/main_cordic_fft_0_xout[59]"/>
        <net name="design_1_i/main_cordic_fft_0_xout[58]"/>
        <net name="design_1_i/main_cordic_fft_0_xout[57]"/>
        <net name="design_1_i/main_cordic_fft_0_xout[56]"/>
        <net name="design_1_i/main_cordic_fft_0_xout[55]"/>
        <net name="design_1_i/main_cordic_fft_0_xout[54]"/>
        <net name="design_1_i/main_cordic_fft_0_xout[53]"/>
        <net name="design_1_i/main_cordic_fft_0_xout[52]"/>
        <net name="design_1_i/main_cordic_fft_0_xout[51]"/>
        <net name="design_1_i/main_cordic_fft_0_xout[50]"/>
        <net name="design_1_i/main_cordic_fft_0_xout[49]"/>
        <net name="design_1_i/main_cordic_fft_0_xout[48]"/>
        <net name="design_1_i/main_cordic_fft_0_xout[47]"/>
        <net name="design_1_i/main_cordic_fft_0_xout[46]"/>
        <net name="design_1_i/main_cordic_fft_0_xout[45]"/>
        <net name="design_1_i/main_cordic_fft_0_xout[44]"/>
        <net name="design_1_i/main_cordic_fft_0_xout[43]"/>
        <net name="design_1_i/main_cordic_fft_0_xout[42]"/>
        <net name="design_1_i/main_cordic_fft_0_xout[41]"/>
        <net name="design_1_i/main_cordic_fft_0_xout[40]"/>
        <net name="design_1_i/main_cordic_fft_0_xout[39]"/>
        <net name="design_1_i/main_cordic_fft_0_xout[38]"/>
        <net name="design_1_i/main_cordic_fft_0_xout[37]"/>
        <net name="design_1_i/main_cordic_fft_0_xout[36]"/>
        <net name="design_1_i/main_cordic_fft_0_xout[35]"/>
        <net name="design_1_i/main_cordic_fft_0_xout[34]"/>
        <net name="design_1_i/main_cordic_fft_0_xout[33]"/>
        <net name="design_1_i/main_cordic_fft_0_xout[32]"/>
        <net name="design_1_i/main_cordic_fft_0_xout[31]"/>
        <net name="design_1_i/main_cordic_fft_0_xout[30]"/>
        <net name="design_1_i/main_cordic_fft_0_xout[29]"/>
        <net name="design_1_i/main_cordic_fft_0_xout[28]"/>
        <net name="design_1_i/main_cordic_fft_0_xout[27]"/>
        <net name="design_1_i/main_cordic_fft_0_xout[26]"/>
        <net name="design_1_i/main_cordic_fft_0_xout[25]"/>
        <net name="design_1_i/main_cordic_fft_0_xout[24]"/>
        <net name="design_1_i/main_cordic_fft_0_xout[23]"/>
        <net name="design_1_i/main_cordic_fft_0_xout[22]"/>
        <net name="design_1_i/main_cordic_fft_0_xout[21]"/>
        <net name="design_1_i/main_cordic_fft_0_xout[20]"/>
        <net name="design_1_i/main_cordic_fft_0_xout[19]"/>
        <net name="design_1_i/main_cordic_fft_0_xout[18]"/>
        <net name="design_1_i/main_cordic_fft_0_xout[17]"/>
        <net name="design_1_i/main_cordic_fft_0_xout[16]"/>
        <net name="design_1_i/main_cordic_fft_0_xout[15]"/>
        <net name="design_1_i/main_cordic_fft_0_xout[14]"/>
        <net name="design_1_i/main_cordic_fft_0_xout[13]"/>
        <net name="design_1_i/main_cordic_fft_0_xout[12]"/>
        <net name="design_1_i/main_cordic_fft_0_xout[11]"/>
        <net name="design_1_i/main_cordic_fft_0_xout[10]"/>
        <net name="design_1_i/main_cordic_fft_0_xout[9]"/>
        <net name="design_1_i/main_cordic_fft_0_xout[8]"/>
        <net name="design_1_i/main_cordic_fft_0_xout[7]"/>
        <net name="design_1_i/main_cordic_fft_0_xout[6]"/>
        <net name="design_1_i/main_cordic_fft_0_xout[5]"/>
        <net name="design_1_i/main_cordic_fft_0_xout[4]"/>
        <net name="design_1_i/main_cordic_fft_0_xout[3]"/>
        <net name="design_1_i/main_cordic_fft_0_xout[2]"/>
        <net name="design_1_i/main_cordic_fft_0_xout[1]"/>
        <net name="design_1_i/main_cordic_fft_0_xout[0]"/>
      </nets>
    </probe>
    <probe type="vio_input" busType="bus" source="netlist" spec="VIO_INPUT_V2_RT">
      <probeOptions Id="DebugProbeParams">
        <Option Id="ACTIVITY_PERSISTENCE" value="SHORT"/>
        <Option Id="DISPLAY_HINT" value=""/>
        <Option Id="DISPLAY_VISIBILITY" value=""/>
        <Option Id="HW_VIO" value="hw_vio_1"/>
        <Option Id="INPUT_VALUE_RADIX" value="HEX"/>
        <Option Id="NAME.CUSTOM" value=""/>
        <Option Id="NAME.SELECT" value="Long"/>
        <Option Id="SOURCE" value="netlist"/>
      </probeOptions>
      <nets>
        <net name="design_1_i/main_cordic_fft_0_yout[128]"/>
        <net name="design_1_i/main_cordic_fft_0_yout[127]"/>
        <net name="design_1_i/main_cordic_fft_0_yout[126]"/>
        <net name="design_1_i/main_cordic_fft_0_yout[125]"/>
        <net name="design_1_i/main_cordic_fft_0_yout[124]"/>
        <net name="design_1_i/main_cordic_fft_0_yout[123]"/>
        <net name="design_1_i/main_cordic_fft_0_yout[122]"/>
        <net name="design_1_i/main_cordic_fft_0_yout[121]"/>
        <net name="design_1_i/main_cordic_fft_0_yout[120]"/>
        <net name="design_1_i/main_cordic_fft_0_yout[119]"/>
        <net name="design_1_i/main_cordic_fft_0_yout[118]"/>
        <net name="design_1_i/main_cordic_fft_0_yout[117]"/>
        <net name="design_1_i/main_cordic_fft_0_yout[116]"/>
        <net name="design_1_i/main_cordic_fft_0_yout[115]"/>
        <net name="design_1_i/main_cordic_fft_0_yout[114]"/>
        <net name="design_1_i/main_cordic_fft_0_yout[113]"/>
        <net name="design_1_i/main_cordic_fft_0_yout[112]"/>
        <net name="design_1_i/main_cordic_fft_0_yout[111]"/>
        <net name="design_1_i/main_cordic_fft_0_yout[110]"/>
        <net name="design_1_i/main_cordic_fft_0_yout[109]"/>
        <net name="design_1_i/main_cordic_fft_0_yout[108]"/>
        <net name="design_1_i/main_cordic_fft_0_yout[107]"/>
        <net name="design_1_i/main_cordic_fft_0_yout[106]"/>
        <net name="design_1_i/main_cordic_fft_0_yout[105]"/>
        <net name="design_1_i/main_cordic_fft_0_yout[104]"/>
        <net name="design_1_i/main_cordic_fft_0_yout[103]"/>
        <net name="design_1_i/main_cordic_fft_0_yout[102]"/>
        <net name="design_1_i/main_cordic_fft_0_yout[101]"/>
        <net name="design_1_i/main_cordic_fft_0_yout[100]"/>
        <net name="design_1_i/main_cordic_fft_0_yout[99]"/>
        <net name="design_1_i/main_cordic_fft_0_yout[98]"/>
        <net name="design_1_i/main_cordic_fft_0_yout[97]"/>
        <net name="design_1_i/main_cordic_fft_0_yout[96]"/>
        <net name="design_1_i/main_cordic_fft_0_yout[95]"/>
        <net name="design_1_i/main_cordic_fft_0_yout[94]"/>
        <net name="design_1_i/main_cordic_fft_0_yout[93]"/>
        <net name="design_1_i/main_cordic_fft_0_yout[92]"/>
        <net name="design_1_i/main_cordic_fft_0_yout[91]"/>
        <net name="design_1_i/main_cordic_fft_0_yout[90]"/>
        <net name="design_1_i/main_cordic_fft_0_yout[89]"/>
        <net name="design_1_i/main_cordic_fft_0_yout[88]"/>
        <net name="design_1_i/main_cordic_fft_0_yout[87]"/>
        <net name="design_1_i/main_cordic_fft_0_yout[86]"/>
        <net name="design_1_i/main_cordic_fft_0_yout[85]"/>
        <net name="design_1_i/main_cordic_fft_0_yout[84]"/>
        <net name="design_1_i/main_cordic_fft_0_yout[83]"/>
        <net name="design_1_i/main_cordic_fft_0_yout[82]"/>
        <net name="design_1_i/main_cordic_fft_0_yout[81]"/>
        <net name="design_1_i/main_cordic_fft_0_yout[80]"/>
        <net name="design_1_i/main_cordic_fft_0_yout[79]"/>
        <net name="design_1_i/main_cordic_fft_0_yout[78]"/>
        <net name="design_1_i/main_cordic_fft_0_yout[77]"/>
        <net name="design_1_i/main_cordic_fft_0_yout[76]"/>
        <net name="design_1_i/main_cordic_fft_0_yout[75]"/>
        <net name="design_1_i/main_cordic_fft_0_yout[74]"/>
        <net name="design_1_i/main_cordic_fft_0_yout[73]"/>
        <net name="design_1_i/main_cordic_fft_0_yout[72]"/>
        <net name="design_1_i/main_cordic_fft_0_yout[71]"/>
        <net name="design_1_i/main_cordic_fft_0_yout[70]"/>
        <net name="design_1_i/main_cordic_fft_0_yout[69]"/>
        <net name="design_1_i/main_cordic_fft_0_yout[68]"/>
        <net name="design_1_i/main_cordic_fft_0_yout[67]"/>
        <net name="design_1_i/main_cordic_fft_0_yout[66]"/>
        <net name="design_1_i/main_cordic_fft_0_yout[65]"/>
        <net name="design_1_i/main_cordic_fft_0_yout[64]"/>
        <net name="design_1_i/main_cordic_fft_0_yout[63]"/>
        <net name="design_1_i/main_cordic_fft_0_yout[62]"/>
        <net name="design_1_i/main_cordic_fft_0_yout[61]"/>
        <net name="design_1_i/main_cordic_fft_0_yout[60]"/>
        <net name="design_1_i/main_cordic_fft_0_yout[59]"/>
        <net name="design_1_i/main_cordic_fft_0_yout[58]"/>
        <net name="design_1_i/main_cordic_fft_0_yout[57]"/>
        <net name="design_1_i/main_cordic_fft_0_yout[56]"/>
        <net name="design_1_i/main_cordic_fft_0_yout[55]"/>
        <net name="design_1_i/main_cordic_fft_0_yout[54]"/>
        <net name="design_1_i/main_cordic_fft_0_yout[53]"/>
        <net name="design_1_i/main_cordic_fft_0_yout[52]"/>
        <net name="design_1_i/main_cordic_fft_0_yout[51]"/>
        <net name="design_1_i/main_cordic_fft_0_yout[50]"/>
        <net name="design_1_i/main_cordic_fft_0_yout[49]"/>
        <net name="design_1_i/main_cordic_fft_0_yout[48]"/>
        <net name="design_1_i/main_cordic_fft_0_yout[47]"/>
        <net name="design_1_i/main_cordic_fft_0_yout[46]"/>
        <net name="design_1_i/main_cordic_fft_0_yout[45]"/>
        <net name="design_1_i/main_cordic_fft_0_yout[44]"/>
        <net name="design_1_i/main_cordic_fft_0_yout[43]"/>
        <net name="design_1_i/main_cordic_fft_0_yout[42]"/>
        <net name="design_1_i/main_cordic_fft_0_yout[41]"/>
        <net name="design_1_i/main_cordic_fft_0_yout[40]"/>
        <net name="design_1_i/main_cordic_fft_0_yout[39]"/>
        <net name="design_1_i/main_cordic_fft_0_yout[38]"/>
        <net name="design_1_i/main_cordic_fft_0_yout[37]"/>
        <net name="design_1_i/main_cordic_fft_0_yout[36]"/>
        <net name="design_1_i/main_cordic_fft_0_yout[35]"/>
        <net name="design_1_i/main_cordic_fft_0_yout[34]"/>
        <net name="design_1_i/main_cordic_fft_0_yout[33]"/>
        <net name="design_1_i/main_cordic_fft_0_yout[32]"/>
        <net name="design_1_i/main_cordic_fft_0_yout[31]"/>
        <net name="design_1_i/main_cordic_fft_0_yout[30]"/>
        <net name="design_1_i/main_cordic_fft_0_yout[29]"/>
        <net name="design_1_i/main_cordic_fft_0_yout[28]"/>
        <net name="design_1_i/main_cordic_fft_0_yout[27]"/>
        <net name="design_1_i/main_cordic_fft_0_yout[26]"/>
        <net name="design_1_i/main_cordic_fft_0_yout[25]"/>
        <net name="design_1_i/main_cordic_fft_0_yout[24]"/>
        <net name="design_1_i/main_cordic_fft_0_yout[23]"/>
        <net name="design_1_i/main_cordic_fft_0_yout[22]"/>
        <net name="design_1_i/main_cordic_fft_0_yout[21]"/>
        <net name="design_1_i/main_cordic_fft_0_yout[20]"/>
        <net name="design_1_i/main_cordic_fft_0_yout[19]"/>
        <net name="design_1_i/main_cordic_fft_0_yout[18]"/>
        <net name="design_1_i/main_cordic_fft_0_yout[17]"/>
        <net name="design_1_i/main_cordic_fft_0_yout[16]"/>
        <net name="design_1_i/main_cordic_fft_0_yout[15]"/>
        <net name="design_1_i/main_cordic_fft_0_yout[14]"/>
        <net name="design_1_i/main_cordic_fft_0_yout[13]"/>
        <net name="design_1_i/main_cordic_fft_0_yout[12]"/>
        <net name="design_1_i/main_cordic_fft_0_yout[11]"/>
        <net name="design_1_i/main_cordic_fft_0_yout[10]"/>
        <net name="design_1_i/main_cordic_fft_0_yout[9]"/>
        <net name="design_1_i/main_cordic_fft_0_yout[8]"/>
        <net name="design_1_i/main_cordic_fft_0_yout[7]"/>
        <net name="design_1_i/main_cordic_fft_0_yout[6]"/>
        <net name="design_1_i/main_cordic_fft_0_yout[5]"/>
        <net name="design_1_i/main_cordic_fft_0_yout[4]"/>
        <net name="design_1_i/main_cordic_fft_0_yout[3]"/>
        <net name="design_1_i/main_cordic_fft_0_yout[2]"/>
        <net name="design_1_i/main_cordic_fft_0_yout[1]"/>
        <net name="design_1_i/main_cordic_fft_0_yout[0]"/>
      </nets>
    </probe>
    <probe type="vio_output" busType="bus" source="netlist" spec="VIO_OUTPUT_V2_RT">
      <probeOptions Id="DebugProbeParams">
        <Option Id="DISPLAY_HINT" value="0.OutputDisplay:Toggle;|1.OutputDisplay:Toggle;|2.OutputDisplay:Toggle;|3.OutputDisplay:Toggle;|4.OutputDisplay:Toggle;|5.OutputDisplay:Toggle;|6.OutputDisplay:Toggle;|7.OutputDisplay:Toggle;|8.OutputDisplay:Toggle;|9.OutputDisplay:Toggle;|10.OutputDisplay:Toggle;|11.OutputDisplay:Toggle;|12.OutputDisplay:Toggle;|13.OutputDisplay:Toggle;|14.OutputDisplay:Toggle;|15.OutputDisplay:Toggle;"/>
        <Option Id="DISPLAY_VISIBILITY" value=""/>
        <Option Id="HW_VIO" value="hw_vio_1"/>
        <Option Id="NAME.CUSTOM" value=""/>
        <Option Id="NAME.SELECT" value="Long"/>
        <Option Id="OUTPUT_VALUE" value="0C80"/>
        <Option Id="OUTPUT_VALUE_RADIX" value="HEX"/>
        <Option Id="SOURCE" value="netlist"/>
      </probeOptions>
      <nets>
        <net name="design_1_i/vio_0_probe_out0[15]"/>
        <net name="design_1_i/vio_0_probe_out0[14]"/>
        <net name="design_1_i/vio_0_probe_out0[13]"/>
        <net name="design_1_i/vio_0_probe_out0[12]"/>
        <net name="design_1_i/vio_0_probe_out0[11]"/>
        <net name="design_1_i/vio_0_probe_out0[10]"/>
        <net name="design_1_i/vio_0_probe_out0[9]"/>
        <net name="design_1_i/vio_0_probe_out0[8]"/>
        <net name="design_1_i/vio_0_probe_out0[7]"/>
        <net name="design_1_i/vio_0_probe_out0[6]"/>
        <net name="design_1_i/vio_0_probe_out0[5]"/>
        <net name="design_1_i/vio_0_probe_out0[4]"/>
        <net name="design_1_i/vio_0_probe_out0[3]"/>
        <net name="design_1_i/vio_0_probe_out0[2]"/>
        <net name="design_1_i/vio_0_probe_out0[1]"/>
        <net name="design_1_i/vio_0_probe_out0[0]"/>
      </nets>
    </probe>
    <probe type="vio_output" busType="bus" source="netlist" spec="VIO_OUTPUT_V2_RT">
      <probeOptions Id="DebugProbeParams">
        <Option Id="DISPLAY_HINT" value=""/>
        <Option Id="DISPLAY_VISIBILITY" value=""/>
        <Option Id="HW_VIO" value="hw_vio_1"/>
        <Option Id="NAME.CUSTOM" value=""/>
        <Option Id="NAME.SELECT" value="Long"/>
        <Option Id="OUTPUT_VALUE" value="0000"/>
        <Option Id="OUTPUT_VALUE_RADIX" value="HEX"/>
        <Option Id="SOURCE" value="netlist"/>
      </probeOptions>
      <nets>
        <net name="design_1_i/vio_0_probe_out10[15]"/>
        <net name="design_1_i/vio_0_probe_out10[14]"/>
        <net name="design_1_i/vio_0_probe_out10[13]"/>
        <net name="design_1_i/vio_0_probe_out10[12]"/>
        <net name="design_1_i/vio_0_probe_out10[11]"/>
        <net name="design_1_i/vio_0_probe_out10[10]"/>
        <net name="design_1_i/vio_0_probe_out10[9]"/>
        <net name="design_1_i/vio_0_probe_out10[8]"/>
        <net name="design_1_i/vio_0_probe_out10[7]"/>
        <net name="design_1_i/vio_0_probe_out10[6]"/>
        <net name="design_1_i/vio_0_probe_out10[5]"/>
        <net name="design_1_i/vio_0_probe_out10[4]"/>
        <net name="design_1_i/vio_0_probe_out10[3]"/>
        <net name="design_1_i/vio_0_probe_out10[2]"/>
        <net name="design_1_i/vio_0_probe_out10[1]"/>
        <net name="design_1_i/vio_0_probe_out10[0]"/>
      </nets>
    </probe>
    <probe type="vio_output" busType="bus" source="netlist" spec="VIO_OUTPUT_V2_RT">
      <probeOptions Id="DebugProbeParams">
        <Option Id="DISPLAY_HINT" value=""/>
        <Option Id="DISPLAY_VISIBILITY" value=""/>
        <Option Id="HW_VIO" value="hw_vio_1"/>
        <Option Id="NAME.CUSTOM" value=""/>
        <Option Id="NAME.SELECT" value="Long"/>
        <Option Id="OUTPUT_VALUE" value="0000"/>
        <Option Id="OUTPUT_VALUE_RADIX" value="HEX"/>
        <Option Id="SOURCE" value="netlist"/>
      </probeOptions>
      <nets>
        <net name="design_1_i/vio_0_probe_out11[15]"/>
        <net name="design_1_i/vio_0_probe_out11[14]"/>
        <net name="design_1_i/vio_0_probe_out11[13]"/>
        <net name="design_1_i/vio_0_probe_out11[12]"/>
        <net name="design_1_i/vio_0_probe_out11[11]"/>
        <net name="design_1_i/vio_0_probe_out11[10]"/>
        <net name="design_1_i/vio_0_probe_out11[9]"/>
        <net name="design_1_i/vio_0_probe_out11[8]"/>
        <net name="design_1_i/vio_0_probe_out11[7]"/>
        <net name="design_1_i/vio_0_probe_out11[6]"/>
        <net name="design_1_i/vio_0_probe_out11[5]"/>
        <net name="design_1_i/vio_0_probe_out11[4]"/>
        <net name="design_1_i/vio_0_probe_out11[3]"/>
        <net name="design_1_i/vio_0_probe_out11[2]"/>
        <net name="design_1_i/vio_0_probe_out11[1]"/>
        <net name="design_1_i/vio_0_probe_out11[0]"/>
      </nets>
    </probe>
    <probe type="vio_output" busType="bus" source="netlist" spec="VIO_OUTPUT_V2_RT">
      <probeOptions Id="DebugProbeParams">
        <Option Id="DISPLAY_HINT" value=""/>
        <Option Id="DISPLAY_VISIBILITY" value=""/>
        <Option Id="HW_VIO" value="hw_vio_1"/>
        <Option Id="NAME.CUSTOM" value=""/>
        <Option Id="NAME.SELECT" value="Long"/>
        <Option Id="OUTPUT_VALUE" value="0000"/>
        <Option Id="OUTPUT_VALUE_RADIX" value="HEX"/>
        <Option Id="SOURCE" value="netlist"/>
      </probeOptions>
      <nets>
        <net name="design_1_i/vio_0_probe_out12[15]"/>
        <net name="design_1_i/vio_0_probe_out12[14]"/>
        <net name="design_1_i/vio_0_probe_out12[13]"/>
        <net name="design_1_i/vio_0_probe_out12[12]"/>
        <net name="design_1_i/vio_0_probe_out12[11]"/>
        <net name="design_1_i/vio_0_probe_out12[10]"/>
        <net name="design_1_i/vio_0_probe_out12[9]"/>
        <net name="design_1_i/vio_0_probe_out12[8]"/>
        <net name="design_1_i/vio_0_probe_out12[7]"/>
        <net name="design_1_i/vio_0_probe_out12[6]"/>
        <net name="design_1_i/vio_0_probe_out12[5]"/>
        <net name="design_1_i/vio_0_probe_out12[4]"/>
        <net name="design_1_i/vio_0_probe_out12[3]"/>
        <net name="design_1_i/vio_0_probe_out12[2]"/>
        <net name="design_1_i/vio_0_probe_out12[1]"/>
        <net name="design_1_i/vio_0_probe_out12[0]"/>
      </nets>
    </probe>
    <probe type="vio_output" busType="bus" source="netlist" spec="VIO_OUTPUT_V2_RT">
      <probeOptions Id="DebugProbeParams">
        <Option Id="DISPLAY_HINT" value=""/>
        <Option Id="DISPLAY_VISIBILITY" value=""/>
        <Option Id="HW_VIO" value="hw_vio_1"/>
        <Option Id="NAME.CUSTOM" value=""/>
        <Option Id="NAME.SELECT" value="Long"/>
        <Option Id="OUTPUT_VALUE" value="0000"/>
        <Option Id="OUTPUT_VALUE_RADIX" value="HEX"/>
        <Option Id="SOURCE" value="netlist"/>
      </probeOptions>
      <nets>
        <net name="design_1_i/vio_0_probe_out13[15]"/>
        <net name="design_1_i/vio_0_probe_out13[14]"/>
        <net name="design_1_i/vio_0_probe_out13[13]"/>
        <net name="design_1_i/vio_0_probe_out13[12]"/>
        <net name="design_1_i/vio_0_probe_out13[11]"/>
        <net name="design_1_i/vio_0_probe_out13[10]"/>
        <net name="design_1_i/vio_0_probe_out13[9]"/>
        <net name="design_1_i/vio_0_probe_out13[8]"/>
        <net name="design_1_i/vio_0_probe_out13[7]"/>
        <net name="design_1_i/vio_0_probe_out13[6]"/>
        <net name="design_1_i/vio_0_probe_out13[5]"/>
        <net name="design_1_i/vio_0_probe_out13[4]"/>
        <net name="design_1_i/vio_0_probe_out13[3]"/>
        <net name="design_1_i/vio_0_probe_out13[2]"/>
        <net name="design_1_i/vio_0_probe_out13[1]"/>
        <net name="design_1_i/vio_0_probe_out13[0]"/>
      </nets>
    </probe>
    <probe type="vio_output" busType="bus" source="netlist" spec="VIO_OUTPUT_V2_RT">
      <probeOptions Id="DebugProbeParams">
        <Option Id="DISPLAY_HINT" value=""/>
        <Option Id="DISPLAY_VISIBILITY" value=""/>
        <Option Id="HW_VIO" value="hw_vio_1"/>
        <Option Id="NAME.CUSTOM" value=""/>
        <Option Id="NAME.SELECT" value="Long"/>
        <Option Id="OUTPUT_VALUE" value="0000"/>
        <Option Id="OUTPUT_VALUE_RADIX" value="HEX"/>
        <Option Id="SOURCE" value="netlist"/>
      </probeOptions>
      <nets>
        <net name="design_1_i/vio_0_probe_out14[15]"/>
        <net name="design_1_i/vio_0_probe_out14[14]"/>
        <net name="design_1_i/vio_0_probe_out14[13]"/>
        <net name="design_1_i/vio_0_probe_out14[12]"/>
        <net name="design_1_i/vio_0_probe_out14[11]"/>
        <net name="design_1_i/vio_0_probe_out14[10]"/>
        <net name="design_1_i/vio_0_probe_out14[9]"/>
        <net name="design_1_i/vio_0_probe_out14[8]"/>
        <net name="design_1_i/vio_0_probe_out14[7]"/>
        <net name="design_1_i/vio_0_probe_out14[6]"/>
        <net name="design_1_i/vio_0_probe_out14[5]"/>
        <net name="design_1_i/vio_0_probe_out14[4]"/>
        <net name="design_1_i/vio_0_probe_out14[3]"/>
        <net name="design_1_i/vio_0_probe_out14[2]"/>
        <net name="design_1_i/vio_0_probe_out14[1]"/>
        <net name="design_1_i/vio_0_probe_out14[0]"/>
      </nets>
    </probe>
    <probe type="vio_output" busType="bus" source="netlist" spec="VIO_OUTPUT_V2_RT">
      <probeOptions Id="DebugProbeParams">
        <Option Id="DISPLAY_HINT" value=""/>
        <Option Id="DISPLAY_VISIBILITY" value=""/>
        <Option Id="HW_VIO" value="hw_vio_1"/>
        <Option Id="NAME.CUSTOM" value=""/>
        <Option Id="NAME.SELECT" value="Long"/>
        <Option Id="OUTPUT_VALUE" value="0000"/>
        <Option Id="OUTPUT_VALUE_RADIX" value="HEX"/>
        <Option Id="SOURCE" value="netlist"/>
      </probeOptions>
      <nets>
        <net name="design_1_i/vio_0_probe_out15[15]"/>
        <net name="design_1_i/vio_0_probe_out15[14]"/>
        <net name="design_1_i/vio_0_probe_out15[13]"/>
        <net name="design_1_i/vio_0_probe_out15[12]"/>
        <net name="design_1_i/vio_0_probe_out15[11]"/>
        <net name="design_1_i/vio_0_probe_out15[10]"/>
        <net name="design_1_i/vio_0_probe_out15[9]"/>
        <net name="design_1_i/vio_0_probe_out15[8]"/>
        <net name="design_1_i/vio_0_probe_out15[7]"/>
        <net name="design_1_i/vio_0_probe_out15[6]"/>
        <net name="design_1_i/vio_0_probe_out15[5]"/>
        <net name="design_1_i/vio_0_probe_out15[4]"/>
        <net name="design_1_i/vio_0_probe_out15[3]"/>
        <net name="design_1_i/vio_0_probe_out15[2]"/>
        <net name="design_1_i/vio_0_probe_out15[1]"/>
        <net name="design_1_i/vio_0_probe_out15[0]"/>
      </nets>
    </probe>
    <probe type="vio_output" busType="bus" source="netlist" spec="VIO_OUTPUT_V2_RT">
      <probeOptions Id="DebugProbeParams">
        <Option Id="DISPLAY_HINT" value=""/>
        <Option Id="DISPLAY_VISIBILITY" value=""/>
        <Option Id="HW_VIO" value="hw_vio_1"/>
        <Option Id="NAME.CUSTOM" value=""/>
        <Option Id="NAME.SELECT" value="Long"/>
        <Option Id="OUTPUT_VALUE" value="04B0"/>
        <Option Id="OUTPUT_VALUE_RADIX" value="HEX"/>
        <Option Id="SOURCE" value="netlist"/>
      </probeOptions>
      <nets>
        <net name="design_1_i/vio_0_probe_out1[15]"/>
        <net name="design_1_i/vio_0_probe_out1[14]"/>
        <net name="design_1_i/vio_0_probe_out1[13]"/>
        <net name="design_1_i/vio_0_probe_out1[12]"/>
        <net name="design_1_i/vio_0_probe_out1[11]"/>
        <net name="design_1_i/vio_0_probe_out1[10]"/>
        <net name="design_1_i/vio_0_probe_out1[9]"/>
        <net name="design_1_i/vio_0_probe_out1[8]"/>
        <net name="design_1_i/vio_0_probe_out1[7]"/>
        <net name="design_1_i/vio_0_probe_out1[6]"/>
        <net name="design_1_i/vio_0_probe_out1[5]"/>
        <net name="design_1_i/vio_0_probe_out1[4]"/>
        <net name="design_1_i/vio_0_probe_out1[3]"/>
        <net name="design_1_i/vio_0_probe_out1[2]"/>
        <net name="design_1_i/vio_0_probe_out1[1]"/>
        <net name="design_1_i/vio_0_probe_out1[0]"/>
      </nets>
    </probe>
    <probe type="vio_output" busType="bus" source="netlist" spec="VIO_OUTPUT_V2_RT">
      <probeOptions Id="DebugProbeParams">
        <Option Id="DISPLAY_HINT" value=""/>
        <Option Id="DISPLAY_VISIBILITY" value=""/>
        <Option Id="HW_VIO" value="hw_vio_1"/>
        <Option Id="NAME.CUSTOM" value=""/>
        <Option Id="NAME.SELECT" value="Long"/>
        <Option Id="OUTPUT_VALUE" value="0000"/>
        <Option Id="OUTPUT_VALUE_RADIX" value="HEX"/>
        <Option Id="SOURCE" value="netlist"/>
      </probeOptions>
      <nets>
        <net name="design_1_i/vio_0_probe_out2[15]"/>
        <net name="design_1_i/vio_0_probe_out2[14]"/>
        <net name="design_1_i/vio_0_probe_out2[13]"/>
        <net name="design_1_i/vio_0_probe_out2[12]"/>
        <net name="design_1_i/vio_0_probe_out2[11]"/>
        <net name="design_1_i/vio_0_probe_out2[10]"/>
        <net name="design_1_i/vio_0_probe_out2[9]"/>
        <net name="design_1_i/vio_0_probe_out2[8]"/>
        <net name="design_1_i/vio_0_probe_out2[7]"/>
        <net name="design_1_i/vio_0_probe_out2[6]"/>
        <net name="design_1_i/vio_0_probe_out2[5]"/>
        <net name="design_1_i/vio_0_probe_out2[4]"/>
        <net name="design_1_i/vio_0_probe_out2[3]"/>
        <net name="design_1_i/vio_0_probe_out2[2]"/>
        <net name="design_1_i/vio_0_probe_out2[1]"/>
        <net name="design_1_i/vio_0_probe_out2[0]"/>
      </nets>
    </probe>
    <probe type="vio_output" busType="bus" source="netlist" spec="VIO_OUTPUT_V2_RT">
      <probeOptions Id="DebugProbeParams">
        <Option Id="DISPLAY_HINT" value=""/>
        <Option Id="DISPLAY_VISIBILITY" value=""/>
        <Option Id="HW_VIO" value="hw_vio_1"/>
        <Option Id="NAME.CUSTOM" value=""/>
        <Option Id="NAME.SELECT" value="Long"/>
        <Option Id="OUTPUT_VALUE" value="0000"/>
        <Option Id="OUTPUT_VALUE_RADIX" value="HEX"/>
        <Option Id="SOURCE" value="netlist"/>
      </probeOptions>
      <nets>
        <net name="design_1_i/vio_0_probe_out3[15]"/>
        <net name="design_1_i/vio_0_probe_out3[14]"/>
        <net name="design_1_i/vio_0_probe_out3[13]"/>
        <net name="design_1_i/vio_0_probe_out3[12]"/>
        <net name="design_1_i/vio_0_probe_out3[11]"/>
        <net name="design_1_i/vio_0_probe_out3[10]"/>
        <net name="design_1_i/vio_0_probe_out3[9]"/>
        <net name="design_1_i/vio_0_probe_out3[8]"/>
        <net name="design_1_i/vio_0_probe_out3[7]"/>
        <net name="design_1_i/vio_0_probe_out3[6]"/>
        <net name="design_1_i/vio_0_probe_out3[5]"/>
        <net name="design_1_i/vio_0_probe_out3[4]"/>
        <net name="design_1_i/vio_0_probe_out3[3]"/>
        <net name="design_1_i/vio_0_probe_out3[2]"/>
        <net name="design_1_i/vio_0_probe_out3[1]"/>
        <net name="design_1_i/vio_0_probe_out3[0]"/>
      </nets>
    </probe>
    <probe type="vio_output" busType="bus" source="netlist" spec="VIO_OUTPUT_V2_RT">
      <probeOptions Id="DebugProbeParams">
        <Option Id="DISPLAY_HINT" value=""/>
        <Option Id="DISPLAY_VISIBILITY" value=""/>
        <Option Id="HW_VIO" value="hw_vio_1"/>
        <Option Id="NAME.CUSTOM" value=""/>
        <Option Id="NAME.SELECT" value="Long"/>
        <Option Id="OUTPUT_VALUE" value="0000"/>
        <Option Id="OUTPUT_VALUE_RADIX" value="HEX"/>
        <Option Id="SOURCE" value="netlist"/>
      </probeOptions>
      <nets>
        <net name="design_1_i/vio_0_probe_out4[15]"/>
        <net name="design_1_i/vio_0_probe_out4[14]"/>
        <net name="design_1_i/vio_0_probe_out4[13]"/>
        <net name="design_1_i/vio_0_probe_out4[12]"/>
        <net name="design_1_i/vio_0_probe_out4[11]"/>
        <net name="design_1_i/vio_0_probe_out4[10]"/>
        <net name="design_1_i/vio_0_probe_out4[9]"/>
        <net name="design_1_i/vio_0_probe_out4[8]"/>
        <net name="design_1_i/vio_0_probe_out4[7]"/>
        <net name="design_1_i/vio_0_probe_out4[6]"/>
        <net name="design_1_i/vio_0_probe_out4[5]"/>
        <net name="design_1_i/vio_0_probe_out4[4]"/>
        <net name="design_1_i/vio_0_probe_out4[3]"/>
        <net name="design_1_i/vio_0_probe_out4[2]"/>
        <net name="design_1_i/vio_0_probe_out4[1]"/>
        <net name="design_1_i/vio_0_probe_out4[0]"/>
      </nets>
    </probe>
    <probe type="vio_output" busType="bus" source="netlist" spec="VIO_OUTPUT_V2_RT">
      <probeOptions Id="DebugProbeParams">
        <Option Id="DISPLAY_HINT" value=""/>
        <Option Id="DISPLAY_VISIBILITY" value=""/>
        <Option Id="HW_VIO" value="hw_vio_1"/>
        <Option Id="NAME.CUSTOM" value=""/>
        <Option Id="NAME.SELECT" value="Long"/>
        <Option Id="OUTPUT_VALUE" value="0000"/>
        <Option Id="OUTPUT_VALUE_RADIX" value="HEX"/>
        <Option Id="SOURCE" value="netlist"/>
      </probeOptions>
      <nets>
        <net name="design_1_i/vio_0_probe_out5[15]"/>
        <net name="design_1_i/vio_0_probe_out5[14]"/>
        <net name="design_1_i/vio_0_probe_out5[13]"/>
        <net name="design_1_i/vio_0_probe_out5[12]"/>
        <net name="design_1_i/vio_0_probe_out5[11]"/>
        <net name="design_1_i/vio_0_probe_out5[10]"/>
        <net name="design_1_i/vio_0_probe_out5[9]"/>
        <net name="design_1_i/vio_0_probe_out5[8]"/>
        <net name="design_1_i/vio_0_probe_out5[7]"/>
        <net name="design_1_i/vio_0_probe_out5[6]"/>
        <net name="design_1_i/vio_0_probe_out5[5]"/>
        <net name="design_1_i/vio_0_probe_out5[4]"/>
        <net name="design_1_i/vio_0_probe_out5[3]"/>
        <net name="design_1_i/vio_0_probe_out5[2]"/>
        <net name="design_1_i/vio_0_probe_out5[1]"/>
        <net name="design_1_i/vio_0_probe_out5[0]"/>
      </nets>
    </probe>
    <probe type="vio_output" busType="bus" source="netlist" spec="VIO_OUTPUT_V2_RT">
      <probeOptions Id="DebugProbeParams">
        <Option Id="DISPLAY_HINT" value=""/>
        <Option Id="DISPLAY_VISIBILITY" value=""/>
        <Option Id="HW_VIO" value="hw_vio_1"/>
        <Option Id="NAME.CUSTOM" value=""/>
        <Option Id="NAME.SELECT" value="Long"/>
        <Option Id="OUTPUT_VALUE" value="0000"/>
        <Option Id="OUTPUT_VALUE_RADIX" value="HEX"/>
        <Option Id="SOURCE" value="netlist"/>
      </probeOptions>
      <nets>
        <net name="design_1_i/vio_0_probe_out6[15]"/>
        <net name="design_1_i/vio_0_probe_out6[14]"/>
        <net name="design_1_i/vio_0_probe_out6[13]"/>
        <net name="design_1_i/vio_0_probe_out6[12]"/>
        <net name="design_1_i/vio_0_probe_out6[11]"/>
        <net name="design_1_i/vio_0_probe_out6[10]"/>
        <net name="design_1_i/vio_0_probe_out6[9]"/>
        <net name="design_1_i/vio_0_probe_out6[8]"/>
        <net name="design_1_i/vio_0_probe_out6[7]"/>
        <net name="design_1_i/vio_0_probe_out6[6]"/>
        <net name="design_1_i/vio_0_probe_out6[5]"/>
        <net name="design_1_i/vio_0_probe_out6[4]"/>
        <net name="design_1_i/vio_0_probe_out6[3]"/>
        <net name="design_1_i/vio_0_probe_out6[2]"/>
        <net name="design_1_i/vio_0_probe_out6[1]"/>
        <net name="design_1_i/vio_0_probe_out6[0]"/>
      </nets>
    </probe>
    <probe type="vio_output" busType="bus" source="netlist" spec="VIO_OUTPUT_V2_RT">
      <probeOptions Id="DebugProbeParams">
        <Option Id="DISPLAY_HINT" value=""/>
        <Option Id="DISPLAY_VISIBILITY" value=""/>
        <Option Id="HW_VIO" value="hw_vio_1"/>
        <Option Id="NAME.CUSTOM" value=""/>
        <Option Id="NAME.SELECT" value="Long"/>
        <Option Id="OUTPUT_VALUE" value="0000"/>
        <Option Id="OUTPUT_VALUE_RADIX" value="HEX"/>
        <Option Id="SOURCE" value="netlist"/>
      </probeOptions>
      <nets>
        <net name="design_1_i/vio_0_probe_out7[15]"/>
        <net name="design_1_i/vio_0_probe_out7[14]"/>
        <net name="design_1_i/vio_0_probe_out7[13]"/>
        <net name="design_1_i/vio_0_probe_out7[12]"/>
        <net name="design_1_i/vio_0_probe_out7[11]"/>
        <net name="design_1_i/vio_0_probe_out7[10]"/>
        <net name="design_1_i/vio_0_probe_out7[9]"/>
        <net name="design_1_i/vio_0_probe_out7[8]"/>
        <net name="design_1_i/vio_0_probe_out7[7]"/>
        <net name="design_1_i/vio_0_probe_out7[6]"/>
        <net name="design_1_i/vio_0_probe_out7[5]"/>
        <net name="design_1_i/vio_0_probe_out7[4]"/>
        <net name="design_1_i/vio_0_probe_out7[3]"/>
        <net name="design_1_i/vio_0_probe_out7[2]"/>
        <net name="design_1_i/vio_0_probe_out7[1]"/>
        <net name="design_1_i/vio_0_probe_out7[0]"/>
      </nets>
    </probe>
    <probe type="vio_output" busType="bus" source="netlist" spec="VIO_OUTPUT_V2_RT">
      <probeOptions Id="DebugProbeParams">
        <Option Id="DISPLAY_HINT" value=""/>
        <Option Id="DISPLAY_VISIBILITY" value=""/>
        <Option Id="HW_VIO" value="hw_vio_1"/>
        <Option Id="NAME.CUSTOM" value=""/>
        <Option Id="NAME.SELECT" value="Long"/>
        <Option Id="OUTPUT_VALUE" value="0000"/>
        <Option Id="OUTPUT_VALUE_RADIX" value="HEX"/>
        <Option Id="SOURCE" value="netlist"/>
      </probeOptions>
      <nets>
        <net name="design_1_i/vio_0_probe_out8[15]"/>
        <net name="design_1_i/vio_0_probe_out8[14]"/>
        <net name="design_1_i/vio_0_probe_out8[13]"/>
        <net name="design_1_i/vio_0_probe_out8[12]"/>
        <net name="design_1_i/vio_0_probe_out8[11]"/>
        <net name="design_1_i/vio_0_probe_out8[10]"/>
        <net name="design_1_i/vio_0_probe_out8[9]"/>
        <net name="design_1_i/vio_0_probe_out8[8]"/>
        <net name="design_1_i/vio_0_probe_out8[7]"/>
        <net name="design_1_i/vio_0_probe_out8[6]"/>
        <net name="design_1_i/vio_0_probe_out8[5]"/>
        <net name="design_1_i/vio_0_probe_out8[4]"/>
        <net name="design_1_i/vio_0_probe_out8[3]"/>
        <net name="design_1_i/vio_0_probe_out8[2]"/>
        <net name="design_1_i/vio_0_probe_out8[1]"/>
        <net name="design_1_i/vio_0_probe_out8[0]"/>
      </nets>
    </probe>
    <probe type="vio_output" busType="bus" source="netlist" spec="VIO_OUTPUT_V2_RT">
      <probeOptions Id="DebugProbeParams">
        <Option Id="DISPLAY_HINT" value=""/>
        <Option Id="DISPLAY_VISIBILITY" value=""/>
        <Option Id="HW_VIO" value="hw_vio_1"/>
        <Option Id="NAME.CUSTOM" value=""/>
        <Option Id="NAME.SELECT" value="Long"/>
        <Option Id="OUTPUT_VALUE" value="0000"/>
        <Option Id="OUTPUT_VALUE_RADIX" value="HEX"/>
        <Option Id="SOURCE" value="netlist"/>
      </probeOptions>
      <nets>
        <net name="design_1_i/vio_0_probe_out9[15]"/>
        <net name="design_1_i/vio_0_probe_out9[14]"/>
        <net name="design_1_i/vio_0_probe_out9[13]"/>
        <net name="design_1_i/vio_0_probe_out9[12]"/>
        <net name="design_1_i/vio_0_probe_out9[11]"/>
        <net name="design_1_i/vio_0_probe_out9[10]"/>
        <net name="design_1_i/vio_0_probe_out9[9]"/>
        <net name="design_1_i/vio_0_probe_out9[8]"/>
        <net name="design_1_i/vio_0_probe_out9[7]"/>
        <net name="design_1_i/vio_0_probe_out9[6]"/>
        <net name="design_1_i/vio_0_probe_out9[5]"/>
        <net name="design_1_i/vio_0_probe_out9[4]"/>
        <net name="design_1_i/vio_0_probe_out9[3]"/>
        <net name="design_1_i/vio_0_probe_out9[2]"/>
        <net name="design_1_i/vio_0_probe_out9[1]"/>
        <net name="design_1_i/vio_0_probe_out9[0]"/>
      </nets>
    </probe>
  </probeset>
</hwsession>
